[
    {
        "id": 1,
        "categoria": "BEBA",
        "tipo": "CALZA",
        "nombre": "Calza de lycra y algodón estampada",
        "imagen": "../src/img/productos/bebes/beba/calza-beba.png",
        "precio": 1400,
        "talles": ["s", "m", "l"],
        "stock": true,
        "color": ["estampado", "azul"]
    },{
        "id": 2,
        "categoria": "BEBA",
        "tipo": "PANTALÓN",
        "nombre": "Pantalón de rústico (rosa chicle)",
        "imagen": "../src/img/productos/bebes/beba/pantalon-beba.png",
        "precio": 1600,
        "talles": ["s", "m", "l"],
        "stock": true,
        "color": "rosa"
    },{
        "id": 3,
        "categoria": "BEBA",
        "tipo": "CONJUNTOS",
        "nombre": "Conjunto body estampado y ranita lisa",
        "imagen": "../src/img/productos/bebes/beba/conjunto.png",
        "precio": 2250,
        "talles": ["s", "m", "l"],
        "stock": true,
        "color": ["estampado", "rosa"]
    },{
        "id": 4,
        "categoria": "BEBÉ",
        "tipo": "PANTALÓN",
        "nombre": "Pantalón de rústico simil jeans",
        "imagen": "../src/img/productos/bebes/bebe/pantalon-rustico.png",
        "precio": 1600,
        "talles": ["s", "m", "l"],
        "stock": true,
        "color": "gris"
    },{
        "id": 5,
        "categoria": "BEBÉ",
        "tipo": "PANTALÓN", 
        "nombre": "Pantalón de frisa de algodón azul marino",
        "imagen": "../src/img/productos/bebes/bebe/pantalon-frisa-azul-marino.png",
        "precio": 1650,
        "talles": ["s", "m", "l"],
        "stock": true,
        "color": "azul"
    },{
        "id": 6,
        "categoria": "BEBÉ",
        "tipo": "PANTALÓN", 
        "nombre": "Pantalón de frisa de algodón lavanda",
        "imagen": "../src/img/productos/bebes/bebe/pantalon-frisa-lavanda.png",
        "precio": 1650,
        "talles": ["s", "m", "l"],
        "stock": true,
        "color": "azul"
    },{
        "id": 7,
        "categoria": "BEBÉ", 
        "tipo": "CONJUNTOS",
        "nombre": "Conjunto body estampado y ranita lisa",
        "imagen": "../src/img/productos/bebes/bebe/conjunto-body-estampado-ranita-lisa.png",
        "precio": 2250,
        "talles": ["s", "m", "l"],
        "stock": true,
        "color": "celeste"
    },{
        "id": 8,
        "categoria": "BEBÉ",
        "tipo": "RANITA",
        "nombre": "Ranita interlock blanca",
        "imagen": "../src/img/productos/bebes/bebe/ranita-interlock-blanca.png",
        "precio": 850,
        "talles": ["s", "m", "l"],
        "stock": true,
        "color": "blanco"
    },{
        "id": 9,
        "categoria": "NIÑA",
        "tipo": "CALZA",
        "nombre": "Calza estampada de lycra y algodón",
        "imagen": "../src/img/productos/niños/niña/calza-nena-lycra-algodon-estampada.png",
        "precio": 2400,
        "talles": ["s", "m", "l"],
        "stock": true,
        "color": "estampado"
    },{
        "id": 10,
        "categoria": "NIÑA",
        "tipo": "CALZA",
        "nombre": "Calza rústico de lycra y algodón",
        "imagen": "../src/img/productos/niños/niña/calza-nena-rustico-algodon-gris-topo.png",
        "precio": 2000,
        "talles": ["s", "m", "l"],
        "stock": true,
        "color": "estampado"
    }
]